bitcoin,ethereum,dash,ripple,litecoin
0.206850671214,0.050000023649,0.49999973336,0.193149376496,0.0500001952811
